video_name,prompt_type,caption
Go forward.MP4,blank,"The image shows a person wearing glasses and a black shirt, walking in front of a plain background. The individual appears to be moving quickly across the frame from left to right. There is another blurred figure on the far right side of the image, suggesting that there might be other people or objects present but not clearly visible due to motion blur. This could indicate an indoor setting with limited lighting conditions causing some blurriness. Overall, it seems like this photo captures someone passing by rapidly within a confined space. If you have any specific questions about this scene, feel free to ask!"
Go forward.MP4,determine,"The pedestrian in the video appears to be making a hand gesture, possibly waving or gesturing towards someone off-camera. The exact nature of the gesture cannot be determined from this still image alone. However, it seems like he might be greeting someone or signaling them with his hands. This interpretation comes from observing that both of his arms and hands are raised and positioned as if they were communicating something visually. Without additional context, such as hearing audio or seeing more frames showing the full action sequence, we can only speculate about its meaning based on visual cues. If you have any other questions related to this image, feel free to ask!"
Go forward.MP4,body,"The pedestrian in the video is wearing glasses, a black shirt, and blue jeans. He appears to be walking briskly from left to right across the frame. His arms are slightly raised as if he might be gesturing or adjusting his clothing while moving. The background consists of a plain wall with no visible features such as windows, doors, or decorations. There is another person partially visible on the far right side of this image but only their arm can be seen. This suggests that there may be other people present outside of what's captured within this particular shot. Overall, it seems like an ordinary scene where someone is casually strolling through an indoor space without any notable events occurring at the moment. If you have more questions about specific details related to this photo please let me know!"
Go forward.MP4,context,"The pedestrian appears to be waving or gesturing with both hands as they walk past. This could indicate that they are acknowledging someone, giving directions, or simply greeting others in their path. The exact intention cannot be determined from this single frame alone without additional context. However, it seems like a friendly and casual gesture rather than one of urgency or distress. If you need further assistance interpreting gestures while driving safely around pedestrians, feel free to ask!"
Go forward.MP4,objective,"The pedestrian appears to be waving or gesturing with both hands as he walks past. This could indicate that he is acknowledging someone, signaling for attention, or simply part of his walking motion. In any case, it's important for the autonomous car to remain alert and prepared for potential changes in the driver's behavior based on such gestures. The car should maintain a safe distance from the pedestrians at all times. If the gesture seems unusual or unexpected (e.g., if it looks like the person might be reaching out), the car may need to slow down further or take additional precautions to ensure safety. However, without more context about the specific situation, this general advice applies. Keep monitoring your surroundings carefully!"
Stop + drive.MP4,blank,"The image shows two individuals performing what appears to be a dance or choreographed movement in front of a plain background. The person on the left is extending their arms and hands, while the other individual moves past them. This scene suggests a performance art piece or a rehearsal for a theatrical production. Both performers wear black clothing, which contrasts with the neutral backdrop. \\n\\nIf there were any specific questions about this image, I would need more context or details from you. However, based on my observation, it seems like they might be practicing a synchronized routine or an expressive gesture as part of their performance. If you have any particular aspects of the image that you'd like me to focus on, please let me know!"
Stop + drive.MP4,determine,"The pedestrian appears to be holding up their hand, possibly signaling or gesturing in some way. The exact nature of the gesture isn't clear from this image alone. However, it could be interpreted as a stop sign, a wave, or another form of communication with others around them. Without additional context, these interpretations remain speculative. If you have more information about the situation surrounding this photo, please provide that so I can offer better insights into potential meanings behind the gestures being made by both individuals captured within your frame!"
Stop + drive.MP4,body,"The individual in the video is captured from behind, walking away from the camera with their back to us. They appear to be wearing casual clothing suitable for an indoor setting. The person's stride suggests they might be moving at a moderate pace.\\n\\nIn terms of body language:\\n1. **Posture**: Their shoulders seem relaxed but upright.\\n2. ***Movement***: As they walk, there is a slight sway to their hips indicating natural movement while walking.\\n3. *Gait*: The gait appears smooth without any noticeable hesitation or discomfort.\\n\\nOverall, this description captures the essence of someone casually walking indoors based on visible cues such as attire and posture. If you have more specific questions about actions within the frame (e.g., hand gestures), please provide additional details so I can offer a more precise analysis!"
Stop + drive.MP4,context,"The pedestrian appears to be making a stop sign with their right hand, extending it forward and palm facing outward. This gesture typically indicates that they want you (the driver) to come to a complete halt. It's important for drivers to recognize such gestures as they can indicate potential hazards or intentions on the part of pedestrians. In this case, since there is no indication in the image that the person wants you to continue moving, it would be prudent to assume that stopping is required based on standard traffic rules and safety practices. However, always prioritize communication and situational awareness when interacting with pedestrians to ensure safe navigation through any unexpected situations. If unsure about whether to proceed or not, use your best judgment while considering local laws and regulations governing interactions between vehicles and pedestrians at intersections or other areas where visibility may be limited due to obstructions like trees, buildings, etc., which could affect how clearly visible signals from both parties might appear under certain conditions. Ultimately though, following established protocols regarding who has priority during conflicts involving different modes of transportation will help maintain orderliness within shared spaces designed primarily for human activity rather than machines alone without proper guidance mechanisms built into infrastructure itself alongside clear signage indicating rights-of-way whenever possible so everyone knows exactly whose turn comes next regardless of mode used by individuals involved!"
Stop + drive.MP4,objective,"The pedestrian appears to be making a stop sign with their right hand and pointing forward with the left hand, indicating they want you to come to a complete stop or that there might be something ahead of them on the road that requires attention. This gesture suggests caution and should prompt your vehicle to slow down or stop if necessary for safety reasons. Please proceed cautiously as per these instructions from the AI-driven navigation system. If it's safe to do so given traffic conditions, consider stopping at this location. Otherwise, continue driving while remaining vigilant about any potential hazards in front of you. Let me know when I can assist further!"
Idle.MP4,blank,"The image shows a person walking from left to right against a plain, light-colored background. The individual is wearing glasses and a dark long-sleeved shirt. They appear to be in motion as they pass by the camera. There are no other objects or people visible in the frame. \\n\\nIf you have any specific questions about this image or need further details, feel free to ask!"
Idle.MP4,determine,"The pedestrian appears to be walking and looking slightly off to his side, possibly in thought or observing something out of frame. There isn't any specific gesture that can be confidently determined from this image alone. The person seems relaxed with their arms by their sides as they walk past the camera. \\n\\nIf you have more context about the video or additional frames showing different parts of the scene, please provide them for further analysis!"
Idle.MP4,body,"The pedestrian in the image is captured from behind, walking past the camera against a plain background. The person appears to be wearing glasses and has short hair that is slightly tousled. They are dressed in dark clothing, which contrasts with their light skin tone.\\n\\nAs they walk by, there is no indication of any specific action or interaction; it seems like an ordinary moment on what could potentially be a street scene. There's nothing particularly noteworthy about this individual other than their casual attire and demeanor as they pass through the frame. \\n\\nThere doesn't seem to have been any significant movement or activity prior to them entering into view nor after they exit out of sight. This suggests either a very brief snapshot capturing just one fleeting instance during someone's day-to-day routine without much context provided beyond their physical appearance and motion within the environment depicted here. Overall, this captures a mundane yet relatable everyday occurrence where individuals move around their surroundings in typical fashion. No additional sensory details such as sounds or smells can be inferred directly from this visual alone but might add more depth if included for further analysis. Nonetheless, purely based off visuals we observe a solitary figure traversing space smoothly without engaging noticeably with anything else present nearby at this particular juncture. It serves as a simple representation often seen in urban settings where people go about their business amidst various backgrounds and situations throughout daily life. If asked questions related specifically to actions performed by objects/characters not visible due to limited scope (e.g., ""What did he say?""), then those remain outside observable parameters solely dependent upon visible elements presented thus far. Thus focusing strictly on discernible aspects allows us to maintain clarity while avoiding speculation regarding unverifiable information contained within broader contexts typically implied when viewing similar scenes. In summary: A man walks briskly away from camera towards right side of screen against neutral backdrop; his features include glasses & short brown hair; he wears black clothes contrasting w/lighter complexion; overall impression portrays routine transit devoid of extraordinary events occurring immediately before or following capture point. Such observations align well with common experiences many may encounter regularly in public spaces. Any deeper inquiries would require additional contextual clues beyond immediate visual cues available herein. Therefore, sticking closely to observed facts ensures accurate portrayal without venturing into speculative territory unnecessarily. By adhering to these principles, readers should find the description both informative and reliable given constraints inherent to interpreting images effectively. Should you need clarification on specifics mentioned above feel free to ask!"
Idle.MP4,context,"The pedestrian appears to be walking and looking ahead, possibly indicating that they are moving forward on the path or street. There is no specific gesture being made in this image other than the natural posture of someone walking. If there were any additional context (e.g., if the person was pointing), it would need further clarification based on visual cues from the video itself. However, given just one frame without motion blur or additional frames for reference, we can only infer basic movement patterns such as walking or standing still. In summary:\\n\\n- The pedestrian seems to have stopped momentarily.\\n- They appear relaxed with arms at their sides.\\n\\nBased solely on static images like these, precise gestures cannot always be accurately determined; however, common interpretations include stopping briefly before resuming normal activity. For more accurate analysis involving multiple frames capturing dynamic movements over time, please provide those details too!"
Idle.MP4,objective,"The pedestrian appears to be walking and looking ahead, possibly indicating that they are moving forward in their path. There is no indication of any specific gesture or interaction with other objects or people at this moment based on the image provided. The AI should continue monitoring for changes in the environment as it navigates through the road to ensure safety. If there are any obstacles detected, such as another vehicle or object crossing its path, the AI would need to adjust its course accordingly. However, since only one person is visible in this frame without additional context about potential hazards off-screen, standard navigation protocols can apply here. Keep an eye out for any new information from subsequent frames before taking further action. Let me know if you have more questions!"
Reverse.MP4,blank,"The image shows a person wearing glasses and a black shirt, who appears to be in motion as they move past the camera on the right side of the frame. The background is plain and light-colored. There is no indication that this scene involves any sports activity or ball throwing. If you have more context or another image related to your question, please provide it for further assistance. Otherwise, if there's anything else I can help with regarding this specific image, feel free to ask!"
Reverse.MP4,determine,"The pedestrian appears to be waving or gesturing with both hands as they walk past the camera. The movement suggests that they might be saying hello, goodbye, or simply acknowledging someone. However, without more context from additional frames of the video, it's difficult to determine their exact intention behind this gesture. It could also just be an accidental motion while walking. \\n\\nGiven these observations and the limited information available in the image alone:\\n\\n- **Gesture**: Waving or waving.\\n- Possible Interpretations: Greeting, acknowledgment, parting.\\n\\nThis analysis relies on visual cues such as hand positioning and body posture rather than any contextual details provided by the surrounding environment (e.g., other people present)."
Reverse.MP4,body,"The pedestrian in the image is captured mid-motion, moving quickly from left to right across the frame. The individual appears to be running or jogging at a brisk pace. Their arms are extended forward with an open stance, suggesting movement through space as they pass by. This dynamic pose indicates that the person is actively engaged in physical activity, likely walking or running for exercise or transportation purposes. There is no indication of any other objects or people present within this specific moment captured in time. Overall, it portrays a sense of motion and urgency associated with rapid locomotion on foot. If there were additional context provided about surroundings such as buildings, trees etc., one could infer more details regarding location but solely based off what's visible here - we see just the man in action against plain background. No captions needed since all relevant information can directly inferred from visual content alone without needing supplementary text descriptions. Thus focusing purely on observable elements provides comprehensive understanding of depicted scene. By analyzing these key features together we gain insight into subject matter being conveyed effectively using minimalistic approach while still conveying essential aspects clearly. In summary: A pedestrian runs swiftly past camera; their body language suggests energetic movement typical of someone engaging in vigorous physical exertion like jogging or sprinting outdoors under clear skies given lack of shadows indicating overcast weather conditions. Such observations help paint vivid picture even though limited scope restricts further elaboration beyond immediate visuals available. Hence relying strictly upon visual cues allows us reach logical conclusions about actions taking place within confined boundaries set forth by photographic evidence presented here. So summarizing briefly yet concisely captures essence of what transpired during brief snapshot captured by lens. Let me know if you need anything else!"
Reverse.MP4,context,"The pedestrian appears to be waving their hands in front of them, possibly indicating they want to stop or slow down traffic. This gesture could also suggest that they are trying to get someone's attention or signal a need for assistance. In the context of an automated vehicle, it might interpret this as a request to pause or take evasive action if necessary. However, without additional context from other sensors (like cameras), it would not be possible to determine with absolute certainty whether the gesture was intentional or accidental. The vehicle should remain vigilant and ready to respond appropriately based on its sensor data. If there were no other pedestrians nearby, then stopping at the intersection may have been appropriate; however, since another person is present, caution must still be exercised until further information can confirm safe passage through the crosswalk. Overall, while the exact meaning behind these gestures cannot be definitively determined solely by analyzing just one frame alone, taking extra precautions around people who seem confused or disoriented will help ensure everyone stays safe during transit. #PedestrianSafety #AutonomousDriving #IntersectionEtiquette"
Reverse.MP4,objective,"The pedestrian appears to be waving their hands in front of them, possibly indicating they want to stop or slow down traffic. This gesture suggests that the person might need assistance crossing the street or has encountered some issue on the road that requires attention from drivers. It's important for vehicles to respond appropriately to such gestures to ensure safety and avoid potential accidents. In this scenario, it would be advisable for the autonomous car to reduce its speed and prepare to come to a safe halt if necessary. Additionally, the car should maintain a cautious distance behind the pedestrians until they have safely crossed the roadway. If possible, using sensors and cameras to detect these types of hand signals can help improve situational awareness and enhance overall safety measures taken by autonomous systems while operating on public roads. By being vigilant about recognizing non-verbal cues like this one, autonomous cars can better anticipate human intentions and react accordingly when needed during shared use scenarios with other road users. Overall, responding thoughtfully to pedestrian gestures through advanced sensor fusion technology helps create safer environments for everyone involved in transportation networks. #AutonomousDrivingSafety #PedestrianAwareness #RealTimeDecisionMaking"
Stop + pass.MP4,blank,"The image shows a person wearing glasses and a black shirt, making hand gestures in front of the camera while walking past it. The background is plain and light-colored. It appears to be taken indoors with good lighting. There are no other people or objects visible in the frame. Based on these details, I can confidently describe this scene without relying on any captions provided by others. If you have more questions about specific elements within the photo, feel free to ask!"
Stop + pass.MP4,determine,"The pedestrian appears to be making a stop sign with both hands, extending them outward and pointing fingers in opposite directions. This gesture typically signifies ""stop"" or ""halt."""
Stop + pass.MP4,body,"The man in the video is seen walking from right to left, with his arms extended outward as if he were balancing or stabilizing himself while moving. His hands appear to be open and slightly raised above shoulder level on both sides, suggesting an attempt at maintaining balance or perhaps mimicking some form of dance movement. The positioning indicates that he might be engaging in a casual walk where he's either trying to keep his center of gravity stable due to uneven ground or simply performing a relaxed yet purposeful gait.\\n\\nGiven these observations:\\n1. **Balance**: The outstretched arms suggest an effort to maintain stability.\\n2. Walking Style: Casual and possibly playful given the openness of his gestures.\\n3. Directional Movement: From right (out-of-frame) towards left (into frame).\\n\\nThis description captures key elements such as arm position, directionality, and implied intent behind the actions observed within this brief snapshot. If there was more context provided about what led up to this moment or subsequent events following it, additional details could further enrich our understanding but based solely on visual cues alone:\\n\\n- Balance seems paramount here - likely ensuring steady progression without falling off course.\\n\s\\n\sThis interpretation aligns well with common human behaviors when navigating unfamiliar terrain or attempting controlled motion through space. It also hints at potential artistic expression through non-verbal communication via physical gesture which can often convey emotions like confidence, playfulness, or even frustration depending upon broader situational contexts not visible in isolation. \\n\\nIn summary, the described scenario paints a picture of someone carefully managing their stride using deliberate hand placement for support during locomotion – potentially indicative of everyday activities requiring attention to footwork or just part of an impromptu performance!"
Stop + pass.MP4,context,"The pedestrian appears to be making a stop sign with one hand and pointing forward with the other hand, indicating they want to halt traffic or indicate caution. This gesture suggests that the person wants to communicate ""stop"" while also possibly signaling direction or urgency in their movement. In real-world scenarios, such gestures can help ensure safety on roads where visual signals might not always be clear due to distance or lighting conditions. The combination of these two gestures could imply a need for immediate attention from drivers or pedestrians around them. \\n\\nIn summary:\\n- Stop sign (hand raised)\\n- Forward indication (pointing)\\n\\nThese combined actions suggest a request for stopping and guiding others' attention towards something specific ahead. It's important for vehicles like mine to recognize this as a potential hazard signal and respond accordingly by slowing down or coming to a complete stop if necessary. Safety remains paramount when interacting with pedestrians who may use unconventional methods to convey messages effectively under challenging circumstances. #PedestrianSafety #AutonomousDrivingSafety"
Stop + pass.MP4,objective,"The pedestrian appears to be making a ""stop"" or ""no entry"" hand signal with both hands extended in front of them, palm facing outward and fingers spread apart. This gesture typically indicates that vehicles should not proceed past this point. As an Autonomous Vehicle (AV), you would need to respond accordingly by stopping if safe to do so based on your surroundings and traffic rules. If it's unsafe due to other moving vehicles or obstacles ahead, continue monitoring for any changes before taking action. Always prioritize safety while following local regulations governing such situations involving pedestrians signaling at intersections or crosswalks. Let me know how I can assist further!"
Getting a cap.MP4,blank,"The video shows a man walking in front of the camera and raising his hand, while another person walks behind him. The background is plain white walls. There are no other objects or people visible in the scene. Based on this information, it appears that there might be some form of performance or presentation taking place where the man is gesturing to an unseen audience or object off-camera. However, without additional context from subsequent frames, I cannot provide more details about what exactly he is doing or why he has raised his arm. If you have any further questions regarding specific aspects of these events please feel free ask!"
Getting a cap.MP4,determine,"The pedestrian in the video appears to be waving or gesturing with their right hand, as they walk past the camera from left to right. The motion suggests that they might be acknowledging someone or something off-camera. However, without additional context, it's difficult to determine exactly why they are making this gesture. It could range from greeting someone, indicating direction, or simply an incidental movement while walking. Without more information about the setting and other people present, we can only speculate on the exact reason for the gesture based solely on visual cues. If you have any specific details regarding the scene, please provide them so I may offer further insights into the possible meaning behind the action captured in your image!"
Getting a cap.MP4,body,"The individual in the video is seen walking from right to left, with their arm raised high above their head as they pass by. The person appears to be moving at an average pace, maintaining balance while raising one hand up. This action could indicate that they might be greeting someone or signaling something specific during this movement. Overall, it's a casual yet deliberate gesture captured within the frame. \\n\\nIn summary:\\n- Person walks from R-L.\\n- Raises arm high over head.\\n\s\\nThis description covers all relevant aspects visible in your image request. If there are any other details you need clarified please let me know!"
Getting a cap.MP4,context,"The pedestrian appears to be waving or signaling with their right hand, possibly indicating that they want to stop traffic or get attention from someone nearby. This action suggests they might need assistance or have encountered some issue on the road requiring immediate attention. It's important for vehicles in this situation to slow down and prepare to come to a safe halt if necessary, ensuring the safety of both themselves and others around them. If you encounter such a scenario while driving, it would be prudent to reduce your speed, maintain a wide lane position, and use appropriate signals (like turning lights) to communicate your intentions safely. Always prioritize the well-being of pedestrians over any schedule or destination deadlines. Remember, every second counts when it comes to preventing accidents and ensuring everyone reaches their destinations safely!"
Getting a cap.MP4,objective,"The pedestrian appears to be waving or signaling with their right hand, possibly indicating they need assistance or attention from drivers on the road in front of them. This gesture could also suggest that they might be trying to get someone's attention for another reason unrelated to traffic control. In either case, it would require further context to determine the exact intention behind this action. However, based solely on visual cues and common interpretations, I'd classify this as a wave or signal gesture typically associated with seeking help or drawing attention. Please note that without additional information about the specific situation (e.g., whether there was a breakdown ahead), these interpretations remain speculative. If you have more details available, please provide them so we can refine our analysis accordingly!"
Follow.MP4,blank,"The image shows a person wearing glasses and a black shirt, walking from the right side of the frame to the left. The background is plain and light-colored. There is no visible text or additional objects in the image. If you have any specific questions about this picture or need further details, feel free to ask!"
Follow.MP4,determine,"The pedestrian appears to be waving or gesturing with their hand as they walk past, possibly saying hello or goodbye. The motion blur of the hand suggests movement and interaction in that direction. This kind of gesture could indicate friendliness or acknowledgment towards someone outside the frame of this image. However, without additional context from other frames showing who might have been present on the opposite side, it's not possible to determine exactly whom he was acknowledging. \\n\\nIn summary:\\n- **Gesture**: Waving or greeting.\\n- Context: Likely friendly or acknowledging another person.\\n\\nThis interpretation aligns well with common social interactions where pedestrians wave while walking by others. It’s important to note that precise identification of individuals or specific intentions behind gestures can't always be accurately determined just based on visual cues alone. Therefore, any further analysis should consider only observable actions within the given video snippet. If more information were available about surrounding circumstances (e.g., facial expressions, body language), one could potentially make stronger conclusions regarding the exact nature of his gesture. But for now, we stick strictly to what is visible here - a simple wave or similar gesture indicating some form of acknowledgement during casual outdoor activity like walking down a street. So let me know if there's anything else I can help clarify!"
Follow.MP4,body,"The pedestrian in the image is captured mid-stride, moving from left to right across the frame. The individual appears to be walking briskly, as indicated by their forward-leaning posture with one leg extended behind them and the other bent at the knee. Their arms are swinging naturally, contributing to the momentum of their movement. This suggests that they might be hurrying or simply maintaining an active pace while on foot. There's no indication of any specific destination or urgency within this single snapshot; it captures a moment of everyday motion against a plain background. \\n\\nGiven the context provided:\\n- **Posture**: Forward-leaning stance indicates movement.\\n-**Arm Movement**: Natural arm swing typical for walking.\\n\s\\nThis description should provide enough detail for understanding the dynamics involved without excessive sensory expressions. If there were additional elements like facial expressions or environmental details present, those would also contribute further but aren't necessary based solely on what can be seen here.\\n\\nIn summary: \\nA person is shown walking quickly towards the camera (from left side) then out of view (to the right). They have a forward lean suggesting speed and natural arm swings indicating normal gait during walking. No additional contextual information such as facial expression or surroundings is available beyond basic visual cues. Thus, focusing purely on observable actions provides clarity about the depicted scene. Any questions related to these observations could now be answered effectively using logical inference derived directly from the described visuals. For instance:\\n\\nQ1: What direction was the person walking?\\n\sA1 Based on the position relative to where you're viewing the photo, he seems to move from his left toward your right. He exits the visible area entirely after passing through the center-right part of our field-of-view.\\n\\nQ2: How does the posture indicate movement?\\n\sA2 The leaning forward posture combined with the positioning of legs - one extended back and another flexed at knee - suggest rapid locomotion consistent with someone who may either be running or just walking fast compared to usual paces. Additionally, the swinging arms aligning with human walking mechanics support this interpretation clearly.\\n\\nBy breaking down each component logically and coherently describing only what we see, we ensure accurate answers grounded strictly upon observed data rather than assumptions or interpretations not supported visually. Such structured approach helps maintain precision even when dealing with potentially complex scenarios involving multiple variables simultaneously. In essence, every piece of evidence contributes uniquely to forming complete yet concise responses tailored specifically around the given visual input. Hence, adhering closely to observable facts ensures robustness in answering queries accurately. Therefore, if asked how far along"
Follow.MP4,context,"The pedestrian appears to be waving or gesturing with their right hand as they walk past. This could indicate that they are acknowledging someone, giving a signal, or simply parting ways. The exact intention cannot be determined from this single image alone. However, it's common for pedestrians to wave when saying goodbye or greeting others in such situations. If you need further assistance interpreting gestures while driving, feel free to ask!"
Follow.MP4,objective,"The pedestrian appears to be waving or gesturing with their right hand as they walk past. This could indicate that they are acknowledging someone, giving directions, or simply greeting. In real-world scenarios, such gestures can help in understanding the intentions of pedestrians and adjusting your speed accordingly for safety. If you're approaching this person from behind, it might also suggest caution due to potential sudden movements. Always keep a safe distance and monitor the surroundings for any changes in behavior. \\n\\nIf you need further assistance or have specific questions about navigation strategies based on pedestrian actions, feel free to ask!"
Go left.MP4,blank,"The image shows a person wearing glasses and a black shirt, performing an action that involves swinging their arms in front of them while walking past the camera. The background is plain and light-colored. This could be part of a dance routine or some form of physical activity. If you have any specific questions about this image or need further details, feel free to ask!"
Go left.MP4,determine,"The pedestrian in the video appears to be making a stop sign with both hands, extending them outwards and pointing towards something or someone ahead of him. This gesture typically signifies stopping or halting movement. The person then walks away from the camera after making this gesture. \\n\\nHere's a step-by-step breakdown:\\n1. **Stop Sign Gesture**: Both arms extended outward.\\n2. Pointing Towards Something: Hands pointed forward as if indicating direction.\\n\\nThis action suggests that the individual might have been walking and decided to halt their progress momentarily before continuing on his way. It could also imply an interaction with another person who was not visible in this frame but may have prompted the gesture for communication purposes. Without additional context, it’s challenging to determine the exact reason behind the stop signal made by the man. However, based solely on visual cues provided within the image, these interpretations seem plausible. If there were more information available about surrounding circumstances (e.g., other people present), further details regarding intentions would become clearer. Nonetheless, given just this snapshot captured at one moment in time, we can reasonably infer that he intended to pause briefly while moving through whatever environment he found himself in during those few seconds shown here. Overall, this brief sequence captures a common human behavior involving non-verbal communication via body language - specifically using hand gestures like the ""stop"" symbol which conveys intentionality and purposefulness in motion control. Thus, understanding such signals helps us navigate social interactions effectively even when verbal exchanges aren't possible due to distance, noise interference etcetera. In conclusion, analyzing images requires careful attention to contextual clues alongside basic knowledge about typical human behaviors expressed through physical movements & postures. By doing so, one gains valuable insights into potential scenarios unfolding around us without needing direct auditory confirmation always. So next time you see someone make similar gestures unexpectedly, remember they're likely trying to convey something important!"
Go left.MP4,body,"The pedestrian in the video is captured from behind, walking towards the camera with his arms outstretched to the sides. His right arm extends forward while his left arm remains slightly bent at the elbow. As he walks past, both hands appear to be moving in an outward motion as if he were waving or signaling someone.\\n\\nUpon reaching the point where he passes by, the man continues on his path without stopping, maintaining this same posture throughout his movement across the frame. The background appears blurred due to motion blur effects applied during filming which helps emphasize the speed and fluidity of his walk. Overall, it depicts a casual yet purposeful stride taken by the individual through what seems like an open space such as a hallway or corridor. This scene captures everyday urban life accurately - people going about their day-to-day activities amidst busy cityscapes. \\n\\nIn summary:\\n- Pedestrian: Male wearing glasses & black clothing.\\n- Body Posture: Arms extended sideways (right arm forward), slight bend in left elbow.\\n\s- Right hand moves outward.\\n\s\\nMotion Analysis:\\n1) Starts walking toward camera.\\n2) Maintains consistent pace/stride.\\n3) Continues walking after passing camera.\\n\\nThis description provides comprehensive details regarding the subject's actions within the given timeframe based solely upon visual content analysis. No additional sensory information was utilized beyond what can be directly observed in still images. If further context or interpretation is needed for specific queries related to this image sequence please let me know!"
Go left.MP4,context,"The pedestrian appears to be making a ""peace"" or ""handshake"" gesture with both hands extended forward, palms facing outward and fingers slightly curled. This gesture typically signifies peace, agreement, or greeting. The person seems to have just entered the frame from the right side of the image and then moves out of view on the left side after performing this action. \\n\\nIn terms of navigation, if you were an automated system observing such gestures in real-time traffic scenarios, it might interpret this as a non-threatening signal indicating that the individual intends no harm towards other vehicles or pedestrians. However, further context would be needed for accurate interpretation in dynamic environments like roads where safety protocols are crucial. Always prioritize situational awareness based on visual cues combined with auditory signals (e.g., honking) when interacting with pedestrians or other drivers. Safety remains paramount regardless of contextual interpretations derived solely from body language. If unsure about intentions, maintain a safe distance until more information becomes clear through additional sensory inputs. Keep your focus on maintaining lane discipline while being prepared to react appropriately given evolving situations around you. Stay alert!"
Go left.MP4,objective,"The pedestrian appears to be gesturing with both hands, possibly indicating that they want to stop or slow down. This could mean they need more space on the road or are signaling for you to proceed cautiously. It's important to remain vigilant and respond appropriately based on their gestures while ensuring safe navigation around them. If possible, try to maintain your current speed but prepare to adjust if necessary in response to any changes in their behavior. Stay alert and follow local traffic rules at all times!"
